[
    {
        "location": "Fairfalcon",
        "turbinestypes": "Axial Flow Turbain",
        "capacity": "13000",
        "expectedOutput": "9843.00",
        "actualdOutput": "9843.00",
        "status": "Available",
        "productionRate": "93.88%",
        "progressValue": "95.05"
    },
    {
        "location": "Glassholt",
        "turbinestypes": "Axial Flow Turbain",
        "capacity": "13000",
        "expectedOutput": "9907.00",
        "actualdOutput": "9843.00",
        "status": "Available",
        "productionRate": "83.50%",
        "progressValue": "95.55"
    },
    {
        "location": "Janlea",
        "turbinestypes": "Axial Flow Turbain",
        "capacity": "12000",
        "expectedOutput": "7187.00",
        "actualdOutput": "9843.00",
        "status": "Available",
        "productionRate": "96.50%",
        "progressValue": "91.52"
    },
    {
        "location": "Springbarrow",
        "turbinestypes": "Axial Flow Turbain",
        "capacity": "13000",
        "expectedOutput": "9883.00",
        "actualdOutput": "9843.00",
        "status": "Offline",
        "productionRate": "95.25%",
        "progressValue": "93.99"
    },
    {
        "location": "Fairfalcon",
        "turbinestypes": "Axial Flow Turbain",
        "capacity": "13000",
        "expectedOutput": "9843.00",
        "actualdOutput": "9843.00",
        "status": "Available",
        "productionRate": "93.88%",
        "progressValue": "95.05"
    },
    {
        "location": "Glassholt",
        "turbinestypes": "Axial Flow Turbain",
        "capacity": "13000",
        "expectedOutput": "9907.00",
        "actualdOutput": "9843.00",
        "status": "Available",
        "productionRate": "83.50%",
        "progressValue": "95.55"
    }
]